{
    "TwoChoiceMDP":
    {
        "0.0":
        {
            "v_pi": [-0.8, -2.4, -2.0, -1.6, -1.2, -0.4, 0, 0.4, 0.8],
            "d_pi": [0.2, 0.0, 0.0, 0.0, 0.0, 0.2, 0.2, 0.2, 0.2],
            "q_pi": [-1.8, -2.4, -2.0, -1.6, -1.2, -0.4, 0.0, 0.4, 0.8,
            -0.8, -2.4, -2.0, -1.6, -1.2, -0.4, 0.0, 0.4, 0.8],
            "d_pi_sa": [0, 0, 0, 0, 0, 0.1, 0.1, 0.1, 0.1,
            0.2, 0, 0, 0, 0, 0.1, 0.1, 0.1, 0.1]
        },
        "1.0":
        {
            "v_pi": [0.4, -0.4, -0.2, 0.0, 0.2, 1.6, 1.8, 2.0, 2.2],
            "d_pi": [0.2, 0.2, 0.2, 0.2, 0.2, 0.0, 0.0, 0.0, 0.0]
        },
        "0.5":
        {
            "v_pi": [-0.2, -1.4, -1.1, -0.8, -0.5, 0.6, 0.9, 1.2, 1.5],
            "d_pi": [0.2, 0.1, 0.1, 0.1, 0.1, 0.1, 0.1, 0.1, 0.1],
            "r_pi": 0.3
        }
    },
    "RiverSwim":
    {
        "0.0":
        {
            "v_pi" : [-5.1535953, -4.15668169, -3.10438399, -2.04900939, -0.99346386, 0.06209117],
            "d_pi": [4.99820315e-07, 8.99676566e-06, 1.61941782e-04, 2.91495207e-03, 5.24691373e-02, 9.44444472e-01]
        }
    }
}